'BAU', 'BAU*', 'BAU...', 'Powiat augustowski', 'Województwo podlaskie');
'BBI', 'BBI*', 'BBI...', 'Powiat bielski', 'Województwo podlaskie');
'BGR', 'BGR*', 'BGR...', 'Powiat grajewski', 'Województwo podlaskie');
'BHA', 'BHA*', 'BHA...', 'Powiat hajnowski', 'Województwo podlaskie');
'BI', 'BI[0-9]*', 'BI...', 'Białystok', 'Województwo podlaskie');
'BIA', 'BIA*', 'BIA...', 'Powiat białostocki', 'Województwo podlaskie');
'BKL', 'BKL*', 'BKL...', 'Powiat kolneński', 'Województwo podlaskie');
'BL', 'BL[0-9]*', 'BL...', 'Łomża', 'Województwo podlaskie');
'BLM', 'BLM*', 'BLM...', 'Powiat łomżyński', 'Województwo podlaskie');
'BMN', 'BMN*', 'BMN...', 'Powiat moniecki', 'Województwo podlaskie');
'BS', 'BS[0-9]*', 'BS...', 'Suwałki', 'Województwo podlaskie');
'BSE', 'BSE*', 'BSE...', 'Powiat sejneński', 'Województwo podlaskie');
'BSI', 'BSI*', 'BSI...', 'Powiat siemiatycki', 'Województwo podlaskie');
'BSK', 'BSK*', 'BSK...', 'Powiat sokólski', 'Województwo podlaskie');
'BSU', 'BSU*', 'BSU...', 'Powiat suwalski', 'Województwo podlaskie');
'BWM', 'BWM*', 'BWM...', 'Powiat wysokomazowiecki', 'Województwo podlaskie');
'BZA', 'BZA*', 'BZA...', 'Powiat zambrowski', 'Województwo podlaskie');
'CAL', 'CAL*', 'CAL...', 'Powiat aleksandrowski', 'Województwo kujawsko-pomorskie');
'CB', 'CB[0-9]*', 'CB...', 'Bydgoszcz', 'Województwo kujawsko-pomorskie');
'CBR', 'CBR*', 'CBR...', 'Powiat brodnicki', 'Województwo kujawsko-pomorskie');
'CBY', 'CBY*', 'CBY...', 'Powiat bydgoski', 'Województwo kujawsko-pomorskie');
'CCH', 'CCH*', 'CCH...', 'Powiat chełmiński', 'Województwo kujawsko-pomorskie');
'CG', 'CG[0-9]*', 'CG...', 'Grudziądz', 'Województwo kujawsko-pomorskie');
'CGD', 'CGD*', 'CGD...', 'Powiat golubsko-dobrzyński', 'Województwo kujawsko-pomorskie');
'CGR', 'CGR*', 'CGR...', 'Powiat grudziądzki', 'Województwo kujawsko-pomorskie');
'CIN', 'CIN*', 'CIN...', 'Powiat inowrocławski', 'Województwo kujawsko-pomorskie');
'CLI', 'CLI*', 'CLI...', 'Powiat lipnowski', 'Województwo kujawsko-pomorskie');
'CMG', 'CMG*', 'CMG...', 'Powiat mogileński', 'Województwo kujawsko-pomorskie');
'CNA', 'CNA*', 'CNA...', 'Powiat nakielski', 'Województwo kujawsko-pomorskie');
'CRA', 'CRA*', 'CRA...', 'Powiat radziejowski', 'Województwo kujawsko-pomorskie');
'CRY', 'CRY*', 'CRY...', 'Powiat rypiński', 'Województwo kujawsko-pomorskie');
'CSE', 'CSE*', 'CSE...', 'Powiat sępoleński', 'Województwo kujawsko-pomorskie');
'CSW', 'CSW*', 'CSW...', 'Powiat świecki', 'Województwo kujawsko-pomorskie');
'CT', 'CT[0-9]*', 'CT...', 'Toruń', 'Województwo kujawsko-pomorskie');
'CTR', 'CTR*', 'CTR...', 'Powiat toruński', 'Województwo kujawsko-pomorskie');
'CTU', 'CTU*', 'CTU...', 'Powiat tucholski', 'Województwo kujawsko-pomorskie');
'CW', 'CW[0-9]*', 'CW...', 'Włocławek', 'Województwo kujawsko-pomorskie');
'CWA', 'CWA*', 'CWA...', 'Powiat wąbrzeski', 'Województwo kujawsko-pomorskie');
'CWL', 'CWL*', 'CWL...', 'Powiat włocławski', 'Województwo kujawsko-pomorskie');
'CZN', 'CZN*', 'CZN...', 'Powiat żniński', 'Województwo kujawsko-pomorskie');
'DB', 'DB[0-9]*', 'DB...', 'Powiat wałbrzyski', 'Województwo dolnośląskie');
'DBL', 'DBL*', 'DBL...', 'Powiat bolesławiecki', 'Województwo dolnośląskie');
'DDZ', 'DDZ*', 'DDZ...', 'Powiat dzierżoniowski', 'Województwo dolnośląskie');
'DGL', 'DGL*', 'DGL...', 'Powiat głogowski', 'Województwo dolnośląskie');
'DGR', 'DGR*', 'DGR...', 'Powiat górowski', 'Województwo dolnośląskie');
'DJ', 'DJ[0-9]*', 'DJ...', 'Jelenia Góra', 'Województwo dolnośląskie');
'DJA', 'DJA*', 'DJA...', 'Powiat jaworski', 'Województwo dolnośląskie');
'DJE', 'DJE*', 'DJE...', 'Powiat jeleniogórski', 'Województwo dolnośląskie');
'DKA', 'DKA*', 'DKA...', 'Powiat kamiennogórski', 'Województwo dolnośląskie');
'DKL', 'DKL*', 'DKL...', 'Powiat kłodzki', 'Województwo dolnośląskie');
'DL', 'DL[0-9]*', 'DL...', 'Legnica', 'Województwo dolnośląskie');
'DLB', 'DLB*', 'DLB...', 'Powiat lubański', 'Województwo dolnośląskie');
'DLE', 'DLE*', 'DLE...', 'Powiat legnicki', 'Województwo dolnośląskie');
'DLU', 'DLU*', 'DLU...', 'Powiat lubiński', 'Województwo dolnośląskie');
'DLW', 'DLW*', 'DLW...', 'Powiat lwówecki', 'Województwo dolnośląskie');
'DMI', 'DMI*', 'DMI...', 'Powiat milicki', 'Województwo dolnośląskie');
'DOA', 'DOA*', 'DOA...', 'Powiat oławski', 'Województwo dolnośląskie');
'DOL', 'DOL*', 'DOL...', 'Powiat oleśnicki', 'Województwo dolnośląskie');
'DPL', 'DPL*', 'DPL...', 'Powiat polkowicki', 'Województwo dolnośląskie');
'DSR', 'DSR*', 'DSR...', 'Powiat średzki', 'Województwo dolnośląskie');
'DST', 'DST*', 'DST...', 'Powiat strzeliński', 'Województwo dolnośląskie');
'DSW', 'DSW*', 'DSW...', 'Powiat świdnicki', 'Województwo dolnośląskie');
'DTR', 'DTR*', 'DTR...', 'Powiat trzebnicki', 'Województwo dolnośląskie');
'DW', 'DW[0-9]*', 'DW...', 'Wrocław', 'Województwo dolnośląskie');
'DWL', 'DWL*', 'DWL...', 'Powiat wołowski', 'Województwo dolnośląskie');
'DWR', 'DWR*', 'DWR...', 'Powiat wrocławski', 'Województwo dolnośląskie');
'DZA', 'DZA*', 'DZA...', 'Powiat ząbkowicki', 'Województwo dolnośląskie');
'DZG', 'DZG*', 'DZG...', 'Powiat zgorzelecki', 'Województwo dolnośląskie');
'DZL', 'DZL*', 'DZL...', 'Powiat złotoryjski', 'Województwo dolnośląskie');
'EBE', 'EBE*', 'EBE...', 'Powiat bełchatowski', 'Województwo łódzkie');
'EBR', 'EBR*', 'EBR...', 'Powiat brzeziński', 'Województwo łódzkie');
'EKU', 'EKU*', 'EKU...', 'Powiat kutnowski', 'Województwo łódzkie');
'EL', 'EL[0-9]*', 'EL...', 'Łódź', 'Województwo łódzkie');
'ELA', 'ELA*', 'ELA...', 'Powiat łaski', 'Województwo łódzkie');
'ELC', 'ELC*', 'ELC...', 'Powiat łowicki', 'Województwo łódzkie');
'ELE', 'ELE*', 'ELE...', 'Powiat łęczycki', 'Województwo łódzkie');
'ELW', 'ELW*', 'ELW...', 'Powiat łódzki wschodni', 'Województwo łódzkie');
'EOP', 'EOP*', 'EOP...', 'Powiat opoczyński', 'Województwo łódzkie');
'EP', 'EP[0-9]*', 'EP...', 'Piotrków Trybunalski', 'Województwo łódzkie');
'EPA', 'EPA*', 'EPA...', 'Powiat pabianicki', 'Województwo łódzkie');
'EPD', 'EPD*', 'EPD...', 'Powiat poddębicki', 'Województwo łódzkie');
'EPI', 'EPI*', 'EPI...', 'Powiat piotrkowski', 'Województwo łódzkie');
'EPJ', 'EPJ*', 'EPJ...', 'Powiat pajęczański', 'Województwo łódzkie');
'ERA', 'ERA*', 'ERA...', 'Powiat radomszczański', 'Województwo łódzkie');
'ERW', 'ERW*', 'ERW...', 'Powiat rawski', 'Województwo łódzkie');
'ES', 'ES[0-9]*', 'ES...', 'Skierniewice', 'Województwo łódzkie');
'ESI', 'ESI*', 'ESI...', 'Powiat sieradzki', 'Województwo łódzkie');
'ESK', 'ESK*', 'ESK...', 'Powiat skierniewicki', 'Województwo łódzkie');
'ETM', 'ETM*', 'ETM...', 'Powiat tomaszowski', 'Województwo łódzkie');
'EWE', 'EWE*', 'EWE...', 'Powiat wieruszowski', 'Województwo łódzkie');
'EWI', 'EWI*', 'EWI...', 'Powiat wieluński', 'Województwo łódzkie');
'EZD', 'EZD*', 'EZD...', 'Powiat zduńskowolski', 'Województwo łódzkie');
'EZG', 'EZG*', 'EZG...', 'Powiat zgierski', 'Województwo łódzkie');
'FG', 'FG[0-9]*', 'FG...', 'Gorzów Wielkopolski', 'Województwo lubuskie');
'FGW', 'FGW*', 'FGW...', 'Powiat gorzowski', 'Województwo lubuskie');
'FKR', 'FKR*', 'FKR...', 'Powiat krośnieński', 'Województwo lubuskie');
'FMI', 'FMI*', 'FMI...', 'Powiat międzyrzecki', 'Województwo lubuskie');
'FNW', 'FNW*', 'FNW...', 'Powiat nowosolski', 'Województwo lubuskie');
'FSD', 'FSD*', 'FSD...', 'Powiat strzelecko-drezdenecki', 'Województwo lubuskie');
'FSL', 'FSL*', 'FSL...', 'Powiat słubicki', 'Województwo lubuskie');
'FSU', 'FSU*', 'FSU...', 'Powiat sulęciński', 'Województwo lubuskie');
'FSW', 'FSW*', 'FSW...', 'Powiat świebodziński', 'Województwo lubuskie');
'FWS', 'FWS*', 'FWS...', 'Powiat wschowski', 'Województwo lubuskie');
'FZ', 'FZ[0-9]*', 'FZ...', 'Zielona Góra', 'Województwo lubuskie');
'FZA', 'FZA*', 'FZA...', 'Powiat żarski', 'Województwo lubuskie');
'FZG', 'FZG*', 'FZG...', 'Powiat żagański', 'Województwo lubuskie');
'FZI', 'FZI*', 'FZI...', 'Powiat zielonogórski', 'Województwo lubuskie');
'GA', 'GA[0-9]*', 'GA...', 'Gdynia', 'Województwo pomorskie');
'GBY', 'GBY*', 'GBY...', 'Powiat bytowski', 'Województwo pomorskie');
'GCH', 'GCH*', 'GCH...', 'Powiat chojnicki', 'Województwo pomorskie');
'GCZ', 'GCZ*', 'GCZ...', 'Powiat człuchowski', 'Województwo pomorskie');
'GD', 'GD[0-9]*', 'GD...', 'Gdańsk', 'Województwo pomorskie');
'GDA', 'GDA*', 'GDA...', 'Powiat gdański', 'Województwo pomorskie');
'GKA', 'GKA*', 'GKA...', 'Powiat kartuski', 'Województwo pomorskie');
'GKS', 'GKS*', 'GKS...', 'Powiat kościerski', 'Województwo pomorskie');
'GKW', 'GKW*', 'GKW...', 'Powiat kwidzyński', 'Województwo pomorskie');
'GLE', 'GLE*', 'GLE...', 'Powiat lęborski', 'Województwo pomorskie');
'GMB', 'GMB*', 'GMB...', 'Powiat malborski', 'Województwo pomorskie');
'GND', 'GND*', 'GND...', 'Powiat nowodworski', 'Województwo pomorskie');
'GPU', 'GPU*', 'GPU...', 'Powiat pucki', 'Województwo pomorskie');
'GS', 'GS[0-9]*', 'GS...', 'Słupsk', 'Województwo pomorskie');
'GSL', 'GSL*', 'GSL...', 'Powiat słupski', 'Województwo pomorskie');
'GSP', 'GSP*', 'GSP...', 'Sopot', 'Województwo pomorskie');
'GST', 'GST*', 'GST...', 'Powiat starogardzki', 'Województwo pomorskie');
'GSZ', 'GSZ*', 'GSZ...', 'Powiat sztumski', 'Województwo pomorskie');
'GTC', 'GTC*', 'GTC...', 'Powiat tczewski', 'Województwo pomorskie');
'GWE', 'GWE*', 'GWE...', 'Powiat wejherowski', 'Województwo pomorskie');
'KBC', 'KBC*', 'KBC...', 'Powiat bocheński', 'Województwo małopolskie');
'KBR', 'KBR*', 'KBR...', 'Powiat brzeski', 'Województwo małopolskie');
'KCH', 'KCH*', 'KCH...', 'Powiat chrzanowski', 'Województwo małopolskie');
'KDA', 'KDA*', 'KDA...', 'Powiat dąbrowski', 'Województwo małopolskie');
'KGR', 'KGR*', 'KGR...', 'Powiat gorlicki', 'Województwo małopolskie');
'KLI', 'KLI*', 'KLI...', 'Powiat limanowski', 'Województwo małopolskie');
'KMI', 'KMI*', 'KMI...', 'Powiat miechowski', 'Województwo małopolskie');
'KMY', 'KMY*', 'KMY...', 'Powiat myślenicki', 'Województwo małopolskie');
'KN', 'KN[0-9]*', 'KN...', 'Nowy Sącz', 'Województwo małopolskie');
'KNS', 'KNS*', 'KNS...', 'Powiat nowosądecki', 'Województwo małopolskie');
'KNT', 'KNT*', 'KNT...', 'Powiat nowotarski', 'Województwo małopolskie');
'KOL', 'KOL*', 'KOL...', 'Powiat olkuski', 'Województwo małopolskie');
'KOS', 'KOS*', 'KOS...', 'Powiat oświęcimski', 'Województwo małopolskie');
'KPR', 'KPR*', 'KPR...', 'Powiat proszowicki', 'Województwo małopolskie');
'KR', 'KR[0-9]*', 'KR...', 'Kraków', 'Województwo małopolskie');
'KRA', 'KRA*', 'KRA...', 'Powiat krakowski', 'Województwo małopolskie');
'KSU', 'KSU*', 'KSU...', 'Powiat suski', 'Województwo małopolskie');
'KT', 'KT[0-9]*', 'KT...', 'Tarnów', 'Województwo małopolskie');
'KTA', 'KTA*', 'KTA...', 'Powiat tarnowski', 'Województwo małopolskie');
'KTT', 'KTT*', 'KTT...', 'Powiat tatrzański', 'Województwo małopolskie');
'KWA', 'KWA*', 'KWA...', 'Powiat wadowicki', 'Województwo małopolskie');
'KWI', 'KWI*', 'KWI...', 'Powiat wielicki', 'Województwo małopolskie');
'LB', 'LB[0-9]*', 'LB...', 'Biała Podlaska', 'Województwo lubelskie');
'LBI', 'LBI*', 'LBI...', 'Powiat bialski', 'Województwo lubelskie');
'LBL', 'LBL*', 'LBL...', 'Powiat biłgorajski', 'Województwo lubelskie');
'LC', 'LC[0-9]*', 'LC...', 'Chełm', 'Województwo lubelskie');
'LCH', 'LCH*', 'LCH...', 'Powiat chełmski', 'Województwo lubelskie');
'LHR', 'LHR*', 'LHR...', 'Powiat hrubieszowski', 'Województwo lubelskie');
'LJA', 'LJA*', 'LJA...', 'Powiat janowski', 'Województwo lubelskie');
'LKR', 'LKR*', 'LKR...', 'Powiat kraśnicki', 'Województwo lubelskie');
'LKS', 'LKS*', 'LKS...', 'Powiat krasnostawski', 'Województwo lubelskie');
'LLB', 'LLB*', 'LLB...', 'Powiat lubartowski', 'Województwo lubelskie');
'LLE', 'LLE*', 'LLE...', 'Powiat łęczyński', 'Województwo lubelskie');
'LLU', 'LLU*', 'LLU...', 'Powiat łukowski', 'Województwo lubelskie');
'LOP', 'LOP*', 'LOP...', 'Powiat opolski', 'Województwo lubelskie');
'LPA', 'LPA*', 'LPA...', 'Powiat parczewski', 'Województwo lubelskie');
'LPU', 'LPU*', 'LPU...', 'Powiat puławski', 'Województwo lubelskie');
'LRA', 'LRA*', 'LRA...', 'Powiat radzyński', 'Województwo lubelskie');
'LRY', 'LRY*', 'LRY...', 'Powiat rycki', 'Województwo lubelskie');
'LSW', 'LSW*', 'LSW...', 'Powiat świdnicki', 'Województwo lubelskie');
'LTM', 'LTM*', 'LTM...', 'Powiat tomaszowski', 'Województwo lubelskie');
'LU', 'LU[0-9]*', 'LU...', 'Lublin', 'Województwo lubelskie');
'LUB', 'LUB*', 'LUB...', 'Powiat lubelski', 'Województwo lubelskie');
'LWL', 'LWL*', 'LWL...', 'Powiat włodawski', 'Województwo lubelskie');
'LZ', 'LZ[0-9]*', 'LZ...', 'Zamość', 'Województwo lubelskie');
'LZA', 'LZA*', 'LZA...', 'Powiat zamojski', 'Województwo lubelskie');
'NBA', 'NBA*', 'NBA...', 'Powiat bartoszycki', 'Województwo warmińsko-mazurskie');
'NBR', 'NBR*', 'NBR...', 'Powiat braniewski', 'Województwo warmińsko-mazurskie');
'NDZ', 'NDZ*', 'NDZ...', 'Powiat działdowski', 'Województwo warmińsko-mazurskie');
'NE', 'NE[0-9]*', 'NE...', 'Elbląg', 'Województwo warmińsko-mazurskie');
'NEB', 'NEB*', 'NEB...', 'Powiat elbląski', 'Województwo warmińsko-mazurskie');
'NEL', 'NEL*', 'NEL...', 'Powiat ełcki', 'Województwo warmińsko-mazurskie');
'NGI', 'NGI*', 'NGI...', 'Powiat giżycki', 'Województwo warmińsko-mazurskie');
'NGO', 'NGO*', 'NGO...', 'Powiat gołdapski', 'Województwo warmińsko-mazurskie');
'NIL', 'NIL*', 'NIL...', 'Powiat iławski', 'Województwo warmińsko-mazurskie');
'NKE', 'NKE*', 'NKE...', 'Powiat kętrzyński', 'Województwo warmińsko-mazurskie');
'NLI', 'NLI*', 'NLI...', 'Powiat lidzbarski', 'Województwo warmińsko-mazurskie');
'NMR', 'NMR*', 'NMR...', 'Powiat mrągowski', 'Województwo warmińsko-mazurskie');
'NNI', 'NNI*', 'NNI...', 'Powiat nidzicki', 'Województwo warmińsko-mazurskie');
'NNM', 'NNM*', 'NNM...', 'Powiat nowomiejski', 'Województwo warmińsko-mazurskie');
'NO', 'NO[0-9]*', 'NO...', 'Olsztyn', 'Województwo warmińsko-mazurskie');
'NOE', 'NOE*', 'NOE...', 'Powiat olecki', 'Województwo warmińsko-mazurskie');
'NOG', 'NOG*', 'NOG...', 'Powiat olecko-gołdapski', 'Województwo warmińsko-mazurskie');
'NOL', 'NOL*', 'NOL...', 'Powiat olsztyński', 'Województwo warmińsko-mazurskie');
'NOS', 'NOS*', 'NOS...', 'Powiat ostródzki', 'Województwo warmińsko-mazurskie');
'NPI', 'NPI*', 'NPI...', 'Powiat piski', 'Województwo warmińsko-mazurskie');
'NSZ', 'NSZ*', 'NSZ...', 'Powiat szczycieński', 'Województwo warmińsko-mazurskie');
'NWE', 'NWE*', 'NWE...', 'Powiat węgorzewski', 'Województwo warmińsko-mazurskie');
'OB', 'OB[0-9]*', 'OB...', 'Powiat brzeski', 'Województwo opolskie');
'OGL', 'OGL*', 'OGL...', 'Powiat głubczycki', 'Województwo opolskie');
'OK', 'OK[0-9]*', 'OK...', 'Powiat kędzierzyńsko-kozielski', 'Województwo opolskie');
'OKL', 'OKL*', 'OKL...', 'Powiat kluczborski', 'Województwo opolskie');
'OKR', 'OKR*', 'OKR...', 'Powiat krapkowicki', 'Województwo opolskie');
'ONA', 'ONA*', 'ONA...', 'Powiat namysłowski', 'Województwo opolskie');
'ONY', 'ONY*', 'ONY...', 'Powiat nyski', 'Województwo opolskie');
'OOL', 'OOL*', 'OOL...', 'Powiat oleski', 'Województwo opolskie');
'OP', 'OP[0-9]*', 'OP...', 'Opole', 'Województwo opolskie');
'OPO', 'OPO*', 'OPO...', 'Powiat opolski', 'Województwo opolskie');
'OPR', 'OPR*', 'OPR...', 'Powiat prudnicki', 'Województwo opolskie');
'OST', 'OST*', 'OST...', 'Powiat strzelecki', 'Województwo opolskie');
'PCH', 'PCH*', 'PCH...', 'Powiat chodzieski', 'Województwo wielkopolskie');
'PCT', 'PCT*', 'PCT...', 'Powiat czarnkowsko-trzcianecki', 'Województwo wielkopolskie');
'PGN', 'PGN*', 'PGN...', 'Powiat gnieźnieński', 'Województwo wielkopolskie');
'PGO', 'PGO*', 'PGO...', 'Powiat grodziski', 'Województwo wielkopolskie');
'PGS', 'PGS*', 'PGS...', 'Powiat gostyński', 'Województwo wielkopolskie');
'PJA', 'PJA*', 'PJA...', 'Powiat jarociński', 'Województwo wielkopolskie');
'PK', 'PK[0-9]*', 'PK...', 'Kalisz', 'Województwo wielkopolskie');
'PKA', 'PKA*', 'PKA...', 'Powiat kaliski', 'Województwo wielkopolskie');
'PKE', 'PKE*', 'PKE...', 'Powiat kępiński', 'Województwo wielkopolskie');
'PKL', 'PKL*', 'PKL...', 'Powiat kolski', 'Województwo wielkopolskie');
'PKN', 'PKN*', 'PKN...', 'Powiat koniński', 'Województwo wielkopolskie');
'PKO', 'PKO*', 'PKO...', 'Konin', 'Województwo wielkopolskie');
'PKR', 'PKR*', 'PKR...', 'Powiat krotoszyński', 'Województwo wielkopolskie');
'PKS', 'PKS*', 'PKS...', 'Powiat kościański', 'Województwo wielkopolskie');
'PL', 'PL[0-9]*', 'PL...', 'Leszno', 'Województwo wielkopolskie');
'PLE', 'PLE*', 'PLE...', 'Powiat leszczyński', 'Województwo wielkopolskie');
'PMI', 'PMI*', 'PMI...', 'Powiat międzychodzki', 'Województwo wielkopolskie');
'PN', 'PN[0-9]*', 'PN...', 'Konin', 'Województwo wielkopolskie');
'PNT', 'PNT*', 'PNT...', 'Powiat nowotomyski', 'Województwo wielkopolskie');
'PO', 'PO[0-9]*', 'PO...', 'Poznań', 'Województwo wielkopolskie');
'POB', 'POB*', 'POB...', 'Powiat obornicki', 'Województwo wielkopolskie');
'POS', 'POS*', 'POS...', 'Powiat ostrowski', 'Województwo wielkopolskie');
'POT', 'POT*', 'POT...', 'Powiat ostrzeszowski', 'Województwo wielkopolskie');
'POZ', 'POZ*', 'POZ...', 'Powiat poznański', 'Województwo wielkopolskie');
'PP', 'PP[0-9]*', 'PP...', 'Powiat pilski', 'Województwo wielkopolskie');
'PPL', 'PPL*', 'PPL...', 'Powiat pleszewski', 'Województwo wielkopolskie');
'PRA', 'PRA*', 'PRA...', 'Powiat rawicki', 'Województwo wielkopolskie');
'PSE', 'PSE*', 'PSE...', 'Powiat śremski', 'Województwo wielkopolskie');
'PSL', 'PSL*', 'PSL...', 'Powiat słupecki', 'Województwo wielkopolskie');
'PSR', 'PSR*', 'PSR...', 'Powiat średzki', 'Województwo wielkopolskie');
'PSZ', 'PSZ*', 'PSZ...', 'Powiat szamotulski', 'Województwo wielkopolskie');
'PTU', 'PTU*', 'PTU...', 'Powiat turecki', 'Województwo wielkopolskie');
'PWA', 'PWA*', 'PWA...', 'Powiat wągrowiecki', 'Województwo wielkopolskie');
'PWL', 'PWL*', 'PWL...', 'Powiat wolsztyński', 'Województwo wielkopolskie');
'PWR', 'PWR*', 'PWR...', 'Powiat wrzesiński', 'Województwo wielkopolskie');
'PZ', 'PZ[0-9]*', 'PZ...', 'Powiat poznański', 'Województwo wielkopolskie');
'PZL', 'PZL*', 'PZL...', 'Powiat złotowski', 'Województwo wielkopolskie');
'RBI', 'RBI*', 'RBI...', 'Powiat bieszczadzki', 'Województwo podkarpackie');
'RBR', 'RBR*', 'RBR...', 'Powiat brzozowski', 'Województwo podkarpackie');
'RDE', 'RDE*', 'RDE...', 'Powiat dębicki', 'Województwo podkarpackie');
'RJA', 'RJA*', 'RJA...', 'Powiat jarosławski', 'Województwo podkarpackie');
'RJS', 'RJS*', 'RJS...', 'Powiat jasielski', 'Województwo podkarpackie');
'RK', 'RK[0-9]*', 'RK...', 'Krosno', 'Województwo podkarpackie');
'RKL', 'RKL*', 'RKL...', 'Powiat kolbuszowski', 'Województwo podkarpackie');
'RKR', 'RKR*', 'RKR...', 'Powiat krośnieński', 'Województwo podkarpackie');
'RLA', 'RLA*', 'RLA...', 'Powiat łańcucki', 'Województwo podkarpackie');
'RLE', 'RLE*', 'RLE...', 'Powiat leżajski', 'Województwo podkarpackie');
'RLS', 'RLS*', 'RLS...', 'Powiat leski', 'Województwo podkarpackie');
'RLU', 'RLU*', 'RLU...', 'Powiat lubaczowski', 'Województwo podkarpackie');
'RMI', 'RMI*', 'RMI...', 'Powiat mielecki', 'Województwo podkarpackie');
'RNI', 'RNI*', 'RNI...', 'Powiat niżański', 'Województwo podkarpackie');
'RP', 'RP[0-9]*', 'RP...', 'Przemyśl', 'Województwo podkarpackie');
'RPR', 'RPR*', 'RPR...', 'Powiat przemyski', 'Województwo podkarpackie');
'RPZ', 'RPZ*', 'RPZ...', 'Powiat przeworski', 'Województwo podkarpackie');
'RRS', 'RRS*', 'RRS...', 'Powiat ropczycko-sędziszowski', 'Województwo podkarpackie');
'RSA', 'RSA*', 'RSA...', 'Powiat sanocki', 'Województwo podkarpackie');
'RSR', 'RSR*', 'RSR...', 'Powiat strzyżowski', 'Województwo podkarpackie');
'RST', 'RST*', 'RST...', 'Powiat stalowowolski', 'Województwo podkarpackie');
'RT', 'RT[0-9]*', 'RT...', 'Tarnobrzeg', 'Województwo podkarpackie');
'RTA', 'RTA*', 'RTA...', 'Powiat tarnobrzeski', 'Województwo podkarpackie');
'RZ', 'RZ[0-9]*', 'RZ...', 'Rzeszów', 'Województwo podkarpackie');
'RZE', 'RZE*', 'RZE...', 'Powiat rzeszowski', 'Województwo podkarpackie');
'SB', 'SB[0-9]*', 'SB...', 'Bielsko-Biała', 'Województwo śląskie');
'SBE', 'SBE*', 'SBE...', 'Powiat będziński', 'Województwo śląskie');
'SBI', 'SBI*', 'SBI...', 'Powiat bielski', 'Województwo śląskie');
'SBL', 'SBL*', 'SBL...', 'Powiat bieruńsko-lędziński', 'Województwo śląskie');
'SC', 'SC[0-9]*', 'SC...', 'Częstochowa', 'Województwo śląskie');
'SCI', 'SCI*', 'SCI...', 'Powiat cieszyński', 'Województwo śląskie');
'SCZ', 'SCZ*', 'SCZ...', 'Powiat częstochowski', 'Województwo śląskie');
'SD', 'SD[0-9]*', 'SD...', 'Dąbrowa Górnicza', 'Województwo śląskie');
'SG', 'SG[0-9]*', 'SG...', 'Gliwice', 'Województwo śląskie');
'SGL', 'SGL*', 'SGL...', 'Powiat gliwicki', 'Województwo śląskie');
'SH', 'SH[0-9]*', 'SH...', 'Chorzów', 'Województwo śląskie');
'SI', 'SI[0-9]*', 'SI...', 'Siemianowice Śląskie', 'Województwo śląskie');
'SJ', 'SJ[0-9]*', 'SJ...', 'Jaworzno', 'Województwo śląskie');
'SJZ', 'SJZ*', 'SJZ...', 'Jastrzębie-Zdrój', 'Województwo śląskie');
'SK', 'SK[0-9]*', 'SK...', 'Katowice', 'Województwo śląskie');
'SKL', 'SKL*', 'SKL...', 'Powiat kłobucki', 'Województwo śląskie');
'SL', 'SL[0-9]*', 'SL...', 'Ruda Śląska', 'Województwo śląskie');
'SLU', 'SLU*', 'SLU...', 'Powiat lubliniecki', 'Województwo śląskie');
'SM', 'SM[0-9]*', 'SM...', 'Mysłowice', 'Województwo śląskie');
'SMI', 'SMI*', 'SMI...', 'Powiat mikołowski', 'Województwo śląskie');
'SMY', 'SMY*', 'SMY...', 'Powiat myszkowski', 'Województwo śląskie');
'SO', 'SO[0-9]*', 'SO...', 'Sosnowiec', 'Województwo śląskie');
'SPI', 'SPI*', 'SPI...', 'Piekary Śląskie', 'Województwo śląskie');
'SPS', 'SPS*', 'SPS...', 'Powiat pszczyński', 'Województwo śląskie');
'SR', 'SR[0-9]*', 'SR...', 'Rybnik', 'Województwo śląskie');
'SRB', 'SRB*', 'SRB...', 'Powiat rybnicki', 'Województwo śląskie');
'SRC', 'SRC*', 'SRC...', 'Powiat raciborski', 'Województwo śląskie');
'SRS', 'SRS*', 'SRS...', 'Ruda Śląska', 'Województwo śląskie');
'ST', 'ST[0-9]*', 'ST...', 'Tychy', 'Województwo śląskie');
'STA', 'STA*', 'STA...', 'Powiat tarnogórski', 'Województwo śląskie');
'STY', 'STY*', 'STY...', 'Powiat powiat tyski', 'Województwo śląskie');
'SW', 'SW[0-9]*', 'SW...', 'Świętochłowice', 'Województwo śląskie');
'SWD', 'SWD*', 'SWD...', 'Powiat wodzisławski', 'Województwo śląskie');
'SY', 'SY[0-9]*', 'SY...', 'Bytom', 'Województwo śląskie');
'SZ', 'SZ[0-9]*', 'SZ...', 'Zabrze', 'Województwo śląskie');
'SZA', 'SZA*', 'SZA...', 'Powiat zawierciański', 'Województwo śląskie');
'SZO', 'SZO*', 'SZO...', 'Żory', 'Województwo śląskie');
'SZY', 'SZY*', 'SZY...', 'Powiat żywiecki', 'Województwo śląskie');
'TBU', 'TBU*', 'TBU...', 'Powiat buski', 'Województwo świętokrzyskie');
'TJE', 'TJE*', 'TJE...', 'Powiat jędrzejowski', 'Województwo świętokrzyskie');
'TK', 'TK[0-9]*', 'TK...', 'Kielce', 'Województwo świętokrzyskie');
'TKA', 'TKA*', 'TKA...', 'Powiat kazimierski', 'Województwo świętokrzyskie');
'TKI', 'TKI*', 'TKI...', 'Powiat kielecki', 'Województwo świętokrzyskie');
'TKN', 'TKN*', 'TKN...', 'Powiat konecki', 'Województwo świętokrzyskie');
'TLW', 'TLW*', 'TLW...', 'Powiat włoszczowski', 'Województwo świętokrzyskie');
'TOP', 'TOP*', 'TOP...', 'Powiat opatowski', 'Województwo świętokrzyskie');
'TOS', 'TOS*', 'TOS...', 'Powiat ostrowiecki', 'Województwo świętokrzyskie');
'TPI', 'TPI*', 'TPI...', 'Powiat pińczowski', 'Województwo świętokrzyskie');
'TSA', 'TSA*', 'TSA...', 'Powiat sandomierski', 'Województwo świętokrzyskie');
'TSK', 'TSK*', 'TSK...', 'Powiat skarżyski', 'Województwo świętokrzyskie');
'TST', 'TST*', 'TST...', 'Powiat starachowicki', 'Województwo świętokrzyskie');
'TSZ', 'TSZ*', 'TSZ...', 'Powiat staszowski', 'Województwo świętokrzyskie');
'WA', 'WA[0-9]*', 'WA...', 'Warszawa Białołęka', 'Województwo mazowieckie');
'WB', 'WB[0-9]*', 'WB...', 'Warszawa Bemowo', 'Województwo mazowieckie');
'WBR', 'WBR*', 'WBR...', 'Powiat białobrzeski', 'Województwo mazowieckie');
'WCI', 'WCI*', 'WCI...', 'Powiat ciechanowski', 'Województwo mazowieckie');
'WD', 'WD[0-9]*', 'WD...', 'Warszawa Bielany', 'Województwo mazowieckie');
'WE', 'WE[0-9]*', 'WE...', 'Warszawa Mokotów', 'Województwo mazowieckie');
'WF', 'WF[0-9]*', 'WF...', 'Warszawa Praga Południe', 'Województwo mazowieckie');
'WG', 'WG[0-9]*', 'WG...', 'Powiat garwoliński', 'Województwo mazowieckie');
'WGM', 'WGM*', 'WGM...', 'Powiat grodziski', 'Województwo mazowieckie');
'WGR', 'WGR*', 'WGR...', 'Powiat grójecki', 'Województwo mazowieckie');
'WGS', 'WGS*', 'WGS...', 'Powiat gostyniński', 'Województwo mazowieckie');
'WH', 'WH[0-9]*', 'WH...', 'Warszawa Praga Północ', 'Województwo mazowieckie');
'WI', 'WI[0-9]*', 'WI...', 'Warszawa Śródmieście', 'Województwo mazowieckie');
'WJ', 'WJ[0-9]*', 'WJ...', 'Warszawa Targówek', 'Województwo mazowieckie');
'WK', 'WK[0-9]*', 'WK...', 'Warszawa Ursus', 'Województwo mazowieckie');
'WKZ', 'WKZ*', 'WKZ...', 'Powiat kozienicki', 'Województwo mazowieckie');
'WL', 'WL[0-9]*', 'WL...', 'Powiat legionowski', 'Województwo mazowieckie');
'WLI', 'WLI*', 'WLI...', 'Powiat lipski', 'Województwo mazowieckie');
'WLS', 'WLS*', 'WLS...', 'Powiat łosicki', 'Województwo mazowieckie');
'WM', 'WM[0-9]*', 'WM...', 'Powiat miński', 'Województwo mazowieckie');
'WMA', 'WMA*', 'WMA...', 'Powiat makowski', 'Województwo mazowieckie');
'WML', 'WML*', 'WML...', 'Powiat mławski', 'Województwo mazowieckie');
'WN', 'WN[0-9]*', 'WN...', 'Warszawa Ursynów', 'Województwo mazowieckie');
'WND', 'WND*', 'WND...', 'Powiat nowodworski', 'Województwo mazowieckie');
'WO', 'WO[0-9]*', 'WO...', 'Ostrołęka', 'Województwo mazowieckie');
'WOR', 'WOR*', 'WOR...', 'Powiat ostrowski', 'Województwo mazowieckie');
'WOS', 'WOS*', 'WOS...', 'Powiat ostrołęcki', 'Województwo mazowieckie');
'WOT', 'WOT*', 'WOT...', 'Powiat otwocki', 'Województwo mazowieckie');
'WP', 'WP[0-9]*', 'WP...', 'Płock', 'Województwo mazowieckie');
'WPI', 'WPI*', 'WPI...', 'Powiat piaseczyński', 'Województwo mazowieckie');
'WPL', 'WPL*', 'WPL...', 'Powiat płocki', 'Województwo mazowieckie');
'WPN', 'WPN*', 'WPN...', 'Powiat płoński', 'Województwo mazowieckie');
'WPR', 'WPR*', 'WPR...', 'Powiat pruszkowski', 'Województwo mazowieckie');
'WPU', 'WPU*', 'WPU...', 'Powiat pułtuski', 'Województwo mazowieckie');
'WPY', 'WPY*', 'WPY...', 'Powiat przysuski', 'Województwo mazowieckie');
'WPZ', 'WPZ*', 'WPZ...', 'Powiat przasnyski', 'Województwo mazowieckie');
'WR', 'WR[0-9]*', 'WR...', 'Radom', 'Województwo mazowieckie');
'WRA', 'WRA*', 'WRA...', 'Powiat radomski', 'Województwo mazowieckie');
'WS', 'WS[0-9]*', 'WS...', 'Siedlce', 'Województwo mazowieckie');
'WSC', 'WSC*', 'WSC...', 'Powiat sochaczewski', 'Województwo mazowieckie');
'WSE', 'WSE*', 'WSE...', 'Powiat sierpecki', 'Województwo mazowieckie');
'WSI', 'WSI*', 'WSI...', 'Powiat siedlecki', 'Województwo mazowieckie');
'WSK', 'WSK*', 'WSK...', 'Powiat sokołowski', 'Województwo mazowieckie');
'WSZ', 'WSZ*', 'WSZ...', 'Powiat szydłowiecki', 'Województwo mazowieckie');
'WT', 'WT[0-9]*', 'WT...', 'Warszawa Wawer', 'Województwo mazowieckie');
'WU', 'WU[0-9]*', 'WU...', 'Warszawa Ochota', 'Województwo mazowieckie');
'WW', 'WW[0-9]*[FGHJW]', 'WW...(FGHJW)', 'Warszawa Wilanów', 'Województwo mazowieckie');
'WW', 'WW[0-9]*[ACEXY]', 'WW...(ACEXY)', 'Warszawa Rembertów', 'Województwo mazowieckie');
'WW', 'WW[0-9]*[KLMNVRS]', 'WW...(KLMNVRS)', 'Warszawa Włochy', 'Województwo mazowieckie');
'WWE', 'WWE*', 'WWE...', 'Powiat węgrowski', 'Województwo mazowieckie');
'WWL', 'WWL*', 'WWL...', 'Powiat wołomiński', 'Województwo mazowieckie');
'WWY', 'WWY*', 'WWY...', 'Powiat wyszkowski', 'Województwo mazowieckie');
'WX', 'WX[0-9]*', 'WX...', 'Warszawa Żoliborz', 'Województwo mazowieckie');
'WX', 'WX[0-9]*Y', 'WX...Y', 'Warszawa Wesoła', 'Województwo mazowieckie');
'WY', 'WY[0-9]*', 'WY...', 'Warszawa Wola', 'Województwo mazowieckie');
'WZ', 'WZ[0-9]*', 'WZ...', 'Powiat warszawski zachodni', 'Województwo mazowieckie');
'WZU', 'WZU*', 'WZU...', 'Powiat żuromiński', 'Województwo mazowieckie');
'WZW', 'WZW*', 'WZW...', 'Powiat zwoleński', 'Województwo mazowieckie');
'WZY', 'WZY*', 'WZY...', 'Powiat żyrardowski', 'Województwo mazowieckie');
'ZBI', 'ZBI*', 'ZBI...', 'Powiat białogardzki', 'Województwo zachodniopomorskie');
'ZCH', 'ZCH*', 'ZCH...', 'Powiat choszczeński', 'Województwo zachodniopomorskie');
'ZDR', 'ZDR*', 'ZDR...', 'Powiat drawski', 'Województwo zachodniopomorskie');
'ZGL', 'ZGL*', 'ZGL...', 'Powiat goleniowski', 'Województwo zachodniopomorskie');
'ZGR', 'ZGR*', 'ZGR...', 'Powiat gryfiński', 'Województwo zachodniopomorskie');
'ZGY', 'ZGY*', 'ZGY...', 'Powiat gryficki', 'Województwo zachodniopomorskie');
'ZK', 'ZK[0-9]*', 'ZK...', 'Koszalin', 'Województwo zachodniopomorskie');
'ZKA', 'ZKA*', 'ZKA...', 'Powiat kamieński', 'Województwo zachodniopomorskie');
'ZKL', 'ZKL*', 'ZKL...', 'Powiat kołobrzeski', 'Województwo zachodniopomorskie');
'ZKO', 'ZKO*', 'ZKO...', 'Powiat koszaliński', 'Województwo zachodniopomorskie');
'ZLO', 'ZLO*', 'ZLO...', 'Powiat łobeski', 'Województwo zachodniopomorskie');
'ZMY', 'ZMY*', 'ZMY...', 'Powiat myśliborski', 'Województwo zachodniopomorskie');
'ZPL', 'ZPL*', 'ZPL...', 'Powiat policki', 'Województwo zachodniopomorskie');
'ZPY', 'ZPY*', 'ZPY...', 'Powiat pyrzycki', 'Województwo zachodniopomorskie');
'ZS', 'ZS[0-9]*', 'ZS...', 'Szczecin', 'Województwo zachodniopomorskie');
'ZSD', 'ZSD*', 'ZSD...', 'Powiat świdwiński', 'Województwo zachodniopomorskie');
'ZSL', 'ZSL*', 'ZSL...', 'Powiat sławieński', 'Województwo zachodniopomorskie');
'ZST', 'ZST*', 'ZST...', 'Powiat stargardzki', 'Województwo zachodniopomorskie');
'ZSW', 'ZSW*', 'ZSW...', 'Świnoujście', 'Województwo zachodniopomorskie');
'ZSZ', 'ZSZ*', 'ZSZ...', 'Powiat szczecinecki', 'Województwo zachodniopomorskie');
'ZWA', 'ZWA*', 'ZWA...', 'Powiat wałecki', 'Województwo zachodniopomorskie');
'HA', 'HA*', 'HA...', 'Centralne Biuro Antykorupcyjne', 'Instytucje strzegące bezpieczeństwa i porządku publicznego');
'HB', 'HB*', 'HB...', 'Biuro Ochrony Rządu', 'Instytucje strzegące bezpieczeństwa i porządku publicznego');
'HC', 'HC*', 'HC...', 'Służba Celna', 'Instytucje strzegące bezpieczeństwa i porządku publicznego');
'HK', 'HK*', 'HK...', 'Agencja Bezpieczeństwa Wewnętrznego i Agencja Wywiadu', 'Instytucje strzegące bezpieczeństwa i porządku publicznego');
'HM', 'HM*', 'HM...', 'Służba Kontrwywiadu Wojskowego i Służba Wywiadu Wojskowego', 'Instytucje strzegące bezpieczeństwa i porządku publicznego');
'HP', 'HP*', 'HP...', 'Policja', 'Instytucje strzegące bezpieczeństwa i porządku publicznego');
'HS', 'HS*', 'HS...', 'Kontrola Skarbowa', 'Instytucje strzegące bezpieczeństwa i porządku publicznego');
'HW', 'HW*', 'HW...', 'Straż Graniczna', 'Instytucje strzegące bezpieczeństwa i porządku publicznego');
'HN', 'HN*', 'HN...', 'GROM ', 'Instytucje strzegące bezpieczeństwa i porządku publicznego');
'UA', 'UA*', 'UA...', 'Pojazdy osobowo-terenowe', 'Tablice wojskowe');
'UB', 'UB*', 'UB...', 'Transportery opancerzone', 'Tablice wojskowe');
'UC', 'UC*', 'UC...', 'Pojazdy osobowo-ciężarowe', 'Tablice wojskowe');
'UD', 'UD*', 'UD...', 'Autobusy', 'Tablice wojskowe');
'UE', 'UE*', 'UE...', 'Pojazdy ciężarowo-terenowe', 'Tablice wojskowe');
'UG', 'UG*', 'UG...', 'Pojazdy specjalne na podwoziu ciężarowo-terenowym', 'Tablice wojskowe');
'UI', 'UI*', 'UI...', 'Przyczepy transportowe', 'Tablice wojskowe');
'UJ', 'UJ*', 'UJ...', 'Przyczepy specjalne', 'Tablice wojskowe');
'UK', 'UK*', 'UK...', 'Motocykle', 'Tablice wojskowe');
'W001', 'W001*', 'W001...', 'USA', 'Tablice dyplomatyczne');
'W002', 'W002*', 'W002...', 'Wielka Brytania', 'Tablice dyplomatyczne');
'W003', 'W003*', 'W003...', 'Francja', 'Tablice dyplomatyczne');
'W004', 'W004*', 'W004...', 'Kanada', 'Tablice dyplomatyczne');
'W005', 'W005*', 'W005...', 'Niemcy', 'Tablice dyplomatyczne');
'W006', 'W006*', 'W006...', 'Holandia', 'Tablice dyplomatyczne');
'W007', 'W007*', 'W007...', 'Włochy', 'Tablice dyplomatyczne');
'W008', 'W008*', 'W008...', 'Austria', 'Tablice dyplomatyczne');
'W009', 'W009*', 'W009...', 'Japonia', 'Tablice dyplomatyczne');
'W010', 'W010*', 'W010...', 'Turcja', 'Tablice dyplomatyczne');
'W011', 'W011*', 'W011...', 'Belgia', 'Tablice dyplomatyczne');
'W012', 'W012*', 'W012...', 'Dania', 'Tablice dyplomatyczne');
'W013', 'W013*', 'W013...', 'Norwegia', 'Tablice dyplomatyczne');
'W014', 'W014*', 'W014...', 'Grecja', 'Tablice dyplomatyczne');
'W015', 'W015*', 'W015...', 'Australia', 'Tablice dyplomatyczne');
'W016', 'W016*', 'W016...', 'Algieria', 'Tablice dyplomatyczne');
'W017', 'W017*', 'W017...', 'Afganistan', 'Tablice dyplomatyczne');
'W018', 'W018*', 'W018...', 'Argentyna', 'Tablice dyplomatyczne');
'W019', 'W019*', 'W019...', 'Brazylia', 'Tablice dyplomatyczne');
'W020', 'W020*', 'W020...', 'Bangladesz', 'Tablice dyplomatyczne');
'W021', 'W021*', 'W021...', 'Egipt', 'Tablice dyplomatyczne');
'W022', 'W022*', 'W022...', 'Ekwador', 'Tablice dyplomatyczne');
'W023', 'W023*', 'W023...', 'Finlandia', 'Tablice dyplomatyczne');
'W024', 'W024*', 'W024...', 'Hiszpania', 'Tablice dyplomatyczne');
'W025', 'W025*', 'W025...', 'Irak', 'Tablice dyplomatyczne');
'W026', 'W026*', 'W026...', 'Iran', 'Tablice dyplomatyczne');
'W027', 'W027*', 'W027...', 'Indie', 'Tablice dyplomatyczne');
'W028', 'W028*', 'W028...', 'Indonezja', 'Tablice dyplomatyczne');
'W029', 'W029*', 'W029...', 'Kolumbia', 'Tablice dyplomatyczne');
'W030', 'W030*', 'W030...', 'Malezja', 'Tablice dyplomatyczne');
'W031', 'W031*', 'W031...', 'Libia', 'Tablice dyplomatyczne');
'W032', 'W032*', 'W032...', 'Maroko', 'Tablice dyplomatyczne');
'W033', 'W033*', 'W033...', 'Meksyk', 'Tablice dyplomatyczne');
'W034', 'W034*', 'W034...', 'Nigeria', 'Tablice dyplomatyczne');
'W035', 'W035*', 'W035...', 'Pakistan', 'Tablice dyplomatyczne');
'W036', 'W036*', 'W036...', 'Portugalia', 'Tablice dyplomatyczne');
'W037', 'W037*', 'W037...', 'Palestyna', 'Tablice dyplomatyczne');
'W038', 'W038*', 'W038...', 'Syria', 'Tablice dyplomatyczne');
'W039', 'W039*', 'W039...', 'Szwecja', 'Tablice dyplomatyczne');
'W040', 'W040*', 'W040...', 'Szwajcaria', 'Tablice dyplomatyczne');
'W041', 'W041*', 'W041...', 'Tunezja', 'Tablice dyplomatyczne');
'W042', 'W042*', 'W042...', 'Tajlandia', 'Tablice dyplomatyczne');
'W043', 'W043*', 'W043...', 'Wenezuela', 'Tablice dyplomatyczne');
'W044', 'W044*', 'W044...', 'Urugwaj', 'Tablice dyplomatyczne');
'W045', 'W045*', 'W045...', 'Peru', 'Tablice dyplomatyczne');
'W046', 'W046*', 'W046...', 'Jemen', 'Tablice dyplomatyczne');
'W047', 'W047*', 'W047...', 'Kostaryka', 'Tablice dyplomatyczne');
'W048', 'W048*', 'W048...', 'Kongo', 'Tablice dyplomatyczne');
'W049', 'W049*', 'W049...', 'Izrael', 'Tablice dyplomatyczne');
'W050', 'W050*', 'W050...', 'Nikaragua', 'Tablice dyplomatyczne');
'W051', 'W051*', 'W051...', 'Chile', 'Tablice dyplomatyczne');
'W052', 'W052*', 'W052...', 'Watykan', 'Tablice dyplomatyczne');
'W053', 'W053*', 'W053...', 'Korea Południowa', 'Tablice dyplomatyczne');
'W054', 'W054*', 'W054...', 'Przedstawicielstwo Komisji Wspólnot Europejskich', 'Tablice dyplomatyczne');
'W055', 'W055*', 'W055...', 'Irlandia', 'Tablice dyplomatyczne');
'W056', 'W056*', 'W056...', 'Bank Światowy', 'Tablice dyplomatyczne');
'W057', 'W057*', 'W057...', 'Międzynarodowy Fundusz Walutowy', 'Tablice dyplomatyczne');
'W058', 'W058*', 'W058...', 'Filipiny', 'Tablice dyplomatyczne');
'W059', 'W059*', 'W059...', 'Międzynarodowa Korporacja Finansowa', 'Tablice dyplomatyczne');
'W060', 'W060*', 'W060...', 'RPA', 'Tablice dyplomatyczne');
'W061', 'W061*', 'W061...', 'Biuro Instytucji Demokratycznych i Praw Człowieka OBWE', 'Tablice dyplomatyczne');
'W062', 'W062*', 'W062...', 'Cypr', 'Tablice dyplomatyczne');
'W063', 'W063*', 'W063...', 'Kuwejt', 'Tablice dyplomatyczne');
'W064', 'W064*', 'W064...', 'Organizacja Narodów Zjednoczonych', 'Tablice dyplomatyczne');
'W065', 'W065*', 'W065...', 'Rosja', 'Tablice dyplomatyczne');
'W066', 'W066*', 'W066...', 'Słowacja', 'Tablice dyplomatyczne');
'W067', 'W067*', 'W067...', 'Czechy', 'Tablice dyplomatyczne');
'W068', 'W068*', 'W068...', 'Bułgaria', 'Tablice dyplomatyczne');
'W069', 'W069*', 'W069...', 'Węgry', 'Tablice dyplomatyczne');
'W070', 'W070*', 'W070...', 'Rumunia', 'Tablice dyplomatyczne');
'W071', 'W071*', 'W071...', 'Wietnam', 'Tablice dyplomatyczne');
'W072', 'W072*', 'W072...', 'Serbia', 'Tablice dyplomatyczne');
'W073', 'W073*', 'W073...', 'Korea Północna', 'Tablice dyplomatyczne');
'W074', 'W074*', 'W074...', 'Kuba', 'Tablice dyplomatyczne');
'W075', 'W075*', 'W075...', 'Albania', 'Tablice dyplomatyczne');
'W076', 'W076*', 'W076...', 'Chiny', 'Tablice dyplomatyczne');
'W077', 'W077*', 'W077...', 'Mongolia', 'Tablice dyplomatyczne');
'W078', 'W078*', 'W078...', 'Międzynarodowa Organizacja Pracy', 'Tablice dyplomatyczne');
'W079', 'W079*', 'W079...', 'Organizacja Kooperacyjna ds. Kolei', 'Tablice dyplomatyczne');
'W080', 'W080*', 'W080...', 'Klub Dyplomatyczny', 'Tablice dyplomatyczne');
'W081', 'W081*', 'W081...', 'Laos', 'Tablice dyplomatyczne');
'W082', 'W082*', 'W082...', 'Angola', 'Tablice dyplomatyczne');
'W083', 'W083*', 'W083...', 'Ukraina', 'Tablice dyplomatyczne');
'W084', 'W084*', 'W084...', 'Europejski Bank Odbudowy i Rozwoju', 'Tablice dyplomatyczne');
'W085', 'W085*', 'W085...', 'Litwa', 'Tablice dyplomatyczne');
'W086', 'W086*', 'W086...', 'Białoruś', 'Tablice dyplomatyczne');
'W087', 'W087*', 'W087...', 'Łotwa', 'Tablice dyplomatyczne');
'W088', 'W088*', 'W088...', 'Chorwacja', 'Tablice dyplomatyczne');
'W089', 'W089*', 'W089...', 'Liban', 'Tablice dyplomatyczne');
'W090', 'W090*', 'W090...', 'Słowenia', 'Tablice dyplomatyczne');
'W091', 'W091*', 'W091...', 'Gwatemala', 'Tablice dyplomatyczne');
'W092', 'W092*', 'W092...', 'Estonia', 'Tablice dyplomatyczne');
'W093', 'W093*', 'W093...', 'Macedonia', 'Tablice dyplomatyczne');
'W094', 'W094*', 'W094...', 'Mołdawia', 'Tablice dyplomatyczne');
'W095', 'W095*', 'W095...', 'Izrael', 'Tablice dyplomatyczne');
'W096', 'W096*', 'W096...', 'Armenia', 'Tablice dyplomatyczne');
'W097', 'W097*', 'W097...', 'Sri Lanka', 'Tablice dyplomatyczne');
'W098', 'W098*', 'W098...', 'Kazachstan', 'Tablice dyplomatyczne');
'W099', 'W099*', 'W099...', 'Arabia Saudyjska', 'Tablice dyplomatyczne');
'W100', 'W100*', 'W100...', 'Gruzja', 'Tablice dyplomatyczne');
'W101', 'W101*', 'W101...', 'Uzbekistan', 'Tablice dyplomatyczne');
'W102', 'W102*', 'W102...', 'UN-HABITAT', 'Tablice dyplomatyczne');
'W103', 'W103*', 'W103...', 'Nowa Zelandia', 'Tablice dyplomatyczne');
'W104', 'W104*', 'W104...', 'Azerbejdżan', 'Tablice dyplomatyczne');
'W105', 'W105*', 'W105...', 'Suwerenny Wojskowy Zakon Maltański', 'Tablice dyplomatyczne');
'W106', 'W106*', 'W106...', 'Kambodża', 'Tablice dyplomatyczne');
'W107', 'W107*', 'W107...', 'Frontex', 'Tablice dyplomatyczne');
'W108', 'W108*', 'W108...', 'Luksemburg', 'Tablice dyplomatyczne');
'W109', 'W109*', 'W109...', 'Bośnia i Hercegowina', 'Tablice dyplomatyczne');
'W110', 'W110*', 'W110...', 'Panama', 'Tablice dyplomatyczne');
'W111', 'W111*', 'W111...', 'Katar', 'Tablice dyplomatyczne');
'W112', 'W112*', 'W112...', 'Malta', 'Tablice dyplomatyczne');
